xl,xh,NLOnovp,dNLOnovp
0.0,0.55,0.004397440280527366,1.9661073549113955e-06
0.55,1.1,0.004398325069625207,1.9674601674154708e-06
1.1,1.65,0.004400436957287371,1.968606851598072e-06
1.65,2.2,0.004399721572302074,1.969464489212931e-06
2.2,2.75,0.004396365973514513,1.9660427198888852e-06
2.75,3.3000000000000003,0.00440081377509199,1.968965480493277e-06
3.3000000000000003,3.850000000000001,0.0043985798259514215,1.967195562216885e-06
3.850000000000001,4.4,0.004398267240530609,1.9689227393932112e-06
4.4,4.95,0.004397762331108424,1.965202292504511e-06
4.95,5.5,0.004400589835402567,1.9684638913125957e-06
5.5,6.050000000000001,0.004398408334145597,1.9668421846787843e-06
6.050000000000001,6.6000000000000005,0.004397373775275592,1.9672199878066313e-06
6.6000000000000005,7.15,0.004399536456848725,1.968687920072232e-06
7.15,7.700000000000001,0.004401141033161717,1.971048427229569e-06
7.700000000000001,8.25,0.004403257886547389,1.9724748669326437e-06
8.25,8.8,0.00439805556560616,1.9660645872822933e-06
8.8,9.35,0.0043936207144708245,1.963191530340947e-06
9.35,9.9,0.004398161694653992,1.96671306874105e-06
9.9,10.45,0.004398510144661752,1.967580287478917e-06
10.45,11.0,0.0044007343358560425,1.9695148939639837e-06
11.0,11.55,0.0043967516837796344,1.964927598257328e-06
11.55,12.1,0.004401352897156681,1.972173800176135e-06
12.1,12.65,0.004397554993841357,1.967214006555517e-06
12.65,13.2,0.004396674715462258,1.9666211887240854e-06
13.2,13.750000000000002,0.004397944826755903,1.9673484419639896e-06
13.750000000000002,14.3,0.004397813327870039,1.967808620723918e-06
14.3,14.85,0.004397402724081734,1.9669929448649047e-06
14.85,15.400000000000002,0.004397842973467567,1.9684428100824334e-06
15.400000000000002,15.95,0.004394074179895389,1.9626597877183998e-06
15.95,16.5,0.00439324626957076,1.9636137619893637e-06
16.5,17.05,0.004394701586001781,1.9651556484694747e-06
17.05,17.6,0.0043934899987318485,1.9655539212446205e-06
17.6,18.15,0.0043946994628993015,1.965808817514847e-06
18.15,18.700000000000003,0.004397234944499106,1.9693884106480863e-06
18.700000000000003,19.25,0.004396531127060353,1.9679691695886594e-06
19.25,19.8,0.0043975048342520815,1.967716009248323e-06
19.8,20.35,0.004392580489896723,1.9629274609714316e-06
20.35,20.9,0.00439650451516078,1.966716672165954e-06
20.9,21.450000000000003,0.004392677516967848,1.962723895327789e-06
21.450000000000003,22.0,0.004393040471458314,1.964928836463218e-06
22.0,22.55,0.004392118141806681,1.965235922729984e-06
22.55,23.1,0.004391985606173436,1.9633265387161234e-06
23.1,23.65,0.004394956123342947,1.9665024067805004e-06
23.65,24.200000000000003,0.004394224161443515,1.9655035289986855e-06
24.200000000000003,24.750000000000004,0.004391182042511052,1.962185533890249e-06
24.750000000000004,25.3,0.004390572601143913,1.96315006960184e-06
25.3,25.85,0.004395318483122464,1.9677452912673946e-06
25.85,26.4,0.004391257751859874,1.9647707144005548e-06
26.4,26.950000000000003,0.004389685948825732,1.962215148113233e-06
26.950000000000003,27.500000000000004,0.004392350876625248,1.966872620198133e-06
27.500000000000004,28.05,0.004392829942027845,1.967074039824307e-06
28.05,28.6,0.004388662357650005,1.962178338270426e-06
28.6,29.15,0.004385038016960079,1.957759813700463e-06
29.15,29.700000000000003,0.004386980989703132,1.9598264531665877e-06
29.700000000000003,30.250000000000004,0.004388902207777999,1.963057804081573e-06
30.250000000000004,30.800000000000004,0.004388204585426712,1.9611572661962234e-06
30.800000000000004,31.35,0.004385486868161032,1.959246132388629e-06
31.35,31.9,0.004386121536243553,1.9614331589924416e-06
31.9,32.45,0.004386738442595914,1.960200232355338e-06
32.45,33.0,0.004386877858684097,1.9632271881423766e-06
33.0,33.550000000000004,0.004387826549150322,1.9626149021630912e-06
33.550000000000004,34.1,0.004385776270456733,1.9623345829734947e-06
34.1,34.650000000000006,0.00438234160617254,1.9588653981962055e-06
34.650000000000006,35.2,0.004385883784247444,1.9622346171250845e-06
35.2,35.75,0.004383156945250405,1.9605183600195565e-06
35.75,36.3,0.004377458422418899,1.953029727805686e-06
36.3,36.85,0.004380477611461061,1.956227020352152e-06
36.85,37.400000000000006,0.004380406135994641,1.955724645709108e-06
37.400000000000006,37.95,0.00438122817695951,1.960305772270417e-06
37.95,38.5,0.00437995074412667,1.956745108787791e-06
38.5,39.05,0.004379418026773681,1.9583129351772386e-06
39.05,39.6,0.00437948034683898,1.956770562376592e-06
39.6,40.150000000000006,0.0043774024457984085,1.9542717346333217e-06
40.150000000000006,40.7,0.004378462490329951,1.9568413960093647e-06
40.7,41.25,0.0043804166320787295,1.95907920270572e-06
41.25,41.8,0.004379953599465272,1.959110296382162e-06
41.8,42.35,0.004375651340601212,1.953886088795345e-06
42.35,42.900000000000006,0.004372544851554052,1.9527564425183498e-06
42.900000000000006,43.45,0.004375397009483242,1.956142854241585e-06
43.45,44.0,0.004373963980794001,1.9554125729762828e-06
44.0,44.55,0.004374461294919581,1.956062397845099e-06
44.55,45.1,0.0043673391673328225,1.948295117205345e-06
45.1,45.650000000000006,0.004371142857497247,1.952161950583972e-06
45.650000000000006,46.2,0.004371530120639912,1.954469296416412e-06
46.2,46.75000000000001,0.004369874083549539,1.9503445519431514e-06
46.75000000000001,47.3,0.004370455562959786,1.9524791119765465e-06
47.3,47.85,0.004369573397122074,1.9530729169325363e-06
47.85,48.400000000000006,0.0043659227517003065,1.948248724521972e-06
48.400000000000006,48.95,0.00436818884915013,1.951536588336645e-06
48.95,49.50000000000001,0.004368334610983313,1.9519567318076556e-06
49.50000000000001,50.05,0.004366159360254967,1.949731080784736e-06
50.05,50.6,0.004364237854370155,1.94733942490063e-06
50.6,51.150000000000006,0.004366011996068302,1.9505809865451786e-06
51.150000000000006,51.7,0.004363392878128388,1.947908622669655e-06
51.7,52.25000000000001,0.004361640620462236,1.9466960088565954e-06
52.25000000000001,52.8,0.004361734892628327,1.946803516727455e-06
52.8,53.35,0.004361100632720352,1.949001932899484e-06
53.35,53.900000000000006,0.004360173917582929,1.946684783629907e-06
53.900000000000006,54.45,0.004360518814995768,1.946733219382238e-06
54.45,55.00000000000001,0.00435960456795944,1.9459382206954048e-06
55.00000000000001,55.55,0.004357019609898979,1.9440752540118356e-06
55.55,56.1,0.0043570884614529464,1.944466589129232e-06
56.1,56.650000000000006,0.00435560286168533,1.9437959761766823e-06
56.650000000000006,57.2,0.004355071139114458,1.9443127769271046e-06
57.2,57.75000000000001,0.004353556429929897,1.941852990970617e-06
57.75000000000001,58.3,0.004354550934593858,1.9436822449448747e-06
58.3,58.85,0.004353329589921381,1.944113988652064e-06
58.85,59.400000000000006,0.004352170966252258,1.9422623394000514e-06
59.400000000000006,59.95,0.004351468220885525,1.9415395586113288e-06
59.95,60.50000000000001,0.004350560954600379,1.9413329997283377e-06
60.50000000000001,61.05,0.004350344879126728,1.9412594134546928e-06
61.05,61.60000000000001,0.0043468019875635006,1.938761760904503e-06
61.60000000000001,62.150000000000006,0.004343767705274769,1.935584429212861e-06
62.150000000000006,62.7,0.004345117155205256,1.9383838136418972e-06
62.7,63.25000000000001,0.004342689260269842,1.9351475390138254e-06
63.25000000000001,63.8,0.004343040682887299,1.937578242303944e-06
63.8,64.35000000000001,0.00434425596789388,1.93795004403441e-06
64.35000000000001,64.9,0.0043465345811473715,1.9404886065578223e-06
64.9,65.45,0.0043406666908067295,1.93580236289101e-06
65.45,66.0,0.004342788436749159,1.9390813598034006e-06
66.0,66.55000000000001,0.004339094407233108,1.934638481089928e-06
66.55000000000001,67.10000000000001,0.004336616738545295,1.933268491620528e-06
67.10000000000001,67.65,0.004336037284802871,1.9315586775074958e-06
67.65,68.2,0.0043380484644056135,1.935796030149757e-06
68.2,68.75,0.004336386570127316,1.9327513092770414e-06
68.75,69.30000000000001,0.004334874907313341,1.934108105110039e-06
69.30000000000001,69.85000000000001,0.00433247386276171,1.9317454120729923e-06
69.85000000000001,70.4,0.004336003699671086,1.934233447886078e-06
70.4,70.95,0.004330268721562738,1.9286210860355657e-06
70.95,71.5,0.004330382138411319,1.9319279332252503e-06
71.5,72.05000000000001,0.004326616554970103,1.9274759227868774e-06
72.05000000000001,72.60000000000001,0.004325846158196848,1.9273405503478664e-06
72.60000000000001,73.15,0.00432795197707479,1.931172404453004e-06
73.15,73.7,0.004324018171540575,1.9274105838540683e-06
73.7,74.25,0.004325300169327632,1.9286705212756075e-06
74.25,74.80000000000001,0.004322344160959252,1.9256827630412538e-06
74.80000000000001,75.35000000000001,0.004320683169208449,1.924896579258682e-06
75.35000000000001,75.9,0.004319216520058861,1.924418883974785e-06
75.9,76.45,0.00431986970657029,1.9255449759761426e-06
76.45,77.0,0.004317349082516409,1.92542352066955e-06
77.0,77.55000000000001,0.004318791843069684,1.926046173117928e-06
77.55000000000001,78.10000000000001,0.004318193628720894,1.9252845191393444e-06
78.10000000000001,78.65,0.004315228485386004,1.9236253418508298e-06
78.65,79.2,0.0043122113617838345,1.920600987878028e-06
79.2,79.75,0.004311003407176723,1.9205872583549907e-06
79.75,80.30000000000001,0.004307816517019406,1.9179771788950175e-06
80.30000000000001,80.85000000000001,0.004306012907074093,1.9168890081356372e-06
80.85000000000001,81.4,0.004308233703403543,1.92051014273181e-06
81.4,81.95,0.004307876680187976,1.9190066177526243e-06
81.95,82.5,0.004306810864342246,1.9205218601396255e-06
82.5,83.05000000000001,0.004302137311964243,1.915082123095981e-06
83.05000000000001,83.60000000000001,0.004297062926030107,1.9116885907500656e-06
83.60000000000001,84.15,0.004296332270959863,1.9112257899044557e-06
84.15,84.7,0.004297565973001614,1.9132030566842678e-06
84.7,85.25,0.004298849157221282,1.916043878045584e-06
85.25,85.80000000000001,0.0042924553764052764,1.911848051353497e-06
85.80000000000001,86.35000000000001,0.004293774371900268,1.9117960981347368e-06
86.35000000000001,86.9,0.004287523503857502,1.9059720967863687e-06
86.9,87.45,0.004290702013031644,1.909732411714055e-06
87.45,88.0,0.0042930506446847,1.913432727498634e-06
88.0,88.55000000000001,0.004288978535124556,1.909887225002769e-06
88.55000000000001,89.10000000000001,0.004284194137841717,1.9060727117246778e-06
89.10000000000001,89.65,0.004285013093102415,1.90836792546056e-06
89.65,90.2,0.004387064369899708,1.929841151842525e-06
90.2,90.75,0.0045605364061862535,1.9662533826641422e-06
90.75,91.3,0.004556228903060835,1.9668765446650282e-06
91.3,91.85,0.004549550446689039,1.9628127191030565e-06
91.85,92.4,0.004544347136168704,1.960147952810765e-06
92.4,92.95,0.004537660514842535,1.957719817412714e-06
92.95,93.5,0.004533890715963948,1.9577461410951416e-06
93.5,94.05,0.0045294063352804715,1.956474586944278e-06
94.05,94.6,0.004525865264808973,1.955941339083891e-06
94.6,95.15,0.0045200949856882885,1.953534921874434e-06
95.15,95.7,0.004515471807553434,1.954186769025563e-06
95.7,96.25,0.004508820846164674,1.949342504716928e-06
96.25,96.8,0.004505034664798171,1.9514551402853347e-06
96.8,97.35,0.0044964592880879,1.94612842140136e-06
97.35,97.9,0.004490365502245822,1.9434448578867222e-06
97.9,98.45,0.004488985496093393,1.944041238141105e-06
98.45,99.0,0.004484764615654882,1.946137585049195e-06
99.0,99.55,0.004475703773726276,1.939420522937841e-06
99.55,100.1,0.004473069327579846,1.9393293572879864e-06
100.1,100.65,0.004467067915927983,1.9374016592557185e-06
100.65,101.2,0.004461754084790665,1.936511046009456e-06
101.2,101.75,0.004457255897767494,1.9346611327404867e-06
101.75,102.3,0.004455613109362073,1.9375987518707915e-06
102.3,102.85,0.004443939027554514,1.9296220355518522e-06
102.85,103.4,0.004440454434653147,1.929791370903637e-06
103.4,103.95,0.004432968439330251,1.926036444143934e-06
103.95,104.5,0.004429610369092112,1.927023970566568e-06
104.5,105.05,0.00441938469156439,1.919633979298071e-06
105.05,105.6,0.0044189611665809815,1.92386817994948e-06
105.6,106.15,0.0044117451941945935,1.919657599668715e-06
106.15,106.7,0.004406217456670778,1.917497782912667e-06
106.7,107.25,0.004395787385815194,1.9121104263529017e-06
107.25,107.8,0.004394363000786551,1.9165955751671816e-06
107.8,108.35,0.0043897042562141,1.9149212235093943e-06
108.35,108.9,0.004382971919742491,1.909757167479776e-06
108.9,109.45,0.0043785151540141915,1.9101748879809107e-06
109.45,110.0,0.004371078140607665,1.9070533152876482e-06
110.0,110.55,0.004366390023836499,1.90647202777519e-06
110.55,111.1,0.004361186170938061,1.9029538312262179e-06
111.1,111.65,0.004356316361674695,1.9037246426838829e-06
111.65,112.2,0.004347566209891594,1.8982100122752366e-06
112.2,112.75,0.0043437536415300735,1.8987051269653631e-06
112.75,113.3,0.0043391469275630345,1.8984111322791971e-06
113.3,113.85,0.004330130836007067,1.892161086820171e-06
113.85,114.4,0.004325736837220873,1.8932339859317257e-06
114.4,114.95,0.004318483429751562,1.8889364431534457e-06
114.95,115.5,0.004312160042917643,1.886740165745074e-06
115.5,116.05,0.004309364644666409,1.8877560812889488e-06
116.05,116.6,0.004301492008684579,1.8830732274472992e-06
116.6,117.15,0.004294792565098565,1.882162726350015e-06
117.15,117.7,0.00429373705416116,1.8855397154229963e-06
117.7,118.25,0.004283803842322921,1.8796448545817402e-06
118.25,118.8,0.0042813792437882145,1.8802416047304983e-06
118.8,119.35,0.004270167121744922,1.8759075502694905e-06
119.35,119.9,0.004269245785477085,1.8760809117676814e-06
119.9,120.45,0.004260554510267043,1.8717171639714847e-06
120.45,121.0,0.004254065418525781,1.870209028734408e-06
121.0,121.55,0.004245091652597515,1.8658590166519128e-06
121.55,122.1,0.004244809246900479,1.8695312342012454e-06
122.1,122.65,0.004235040240425242,1.8632566056450785e-06
122.65,123.20000000000002,0.0042325665098893695,1.8653653395014642e-06
123.20000000000002,123.75,0.004224062221144959,1.861285640060109e-06
123.75,124.3,0.0042213912860416865,1.862853433310088e-06
124.3,124.85,0.004214908521210489,1.8607869047057944e-06
124.85,125.4,0.0042079466507625625,1.8581546815727138e-06
125.4,125.95000000000002,0.004200903416091853,1.8564667832045407e-06
125.95000000000002,126.5,0.0041940272314666726,1.8522372608760022e-06
126.5,127.05,0.004186227199252482,1.8489836859352646e-06
127.05,127.6,0.004181043457941616,1.8472866500375174e-06
127.6,128.15,0.004173454446668694,1.8454608110167115e-06
128.15,128.70000000000002,0.0041675887232189525,1.8436531157649653e-06
128.70000000000002,129.25,0.004160926046914316,1.8422051289997723e-06
129.25,129.8,0.004153637825266526,1.8392606845245283e-06
129.8,130.35000000000002,0.004150742340677117,1.8409454559684656e-06
130.35000000000002,130.9,0.004142980356706011,1.83597034342571e-06
130.9,131.45000000000002,0.004137225573174732,1.836565335999099e-06
131.45000000000002,132.0,0.0041299795056255716,1.832551831654543e-06
132.0,132.55,0.004122152678482196,1.8295593866525685e-06
132.55,133.10000000000002,0.00411936432357632,1.831279446391567e-06
133.10000000000002,133.65,0.004110282023002044,1.8273406743759706e-06
133.65,134.20000000000002,0.00410317872879137,1.8231143873858247e-06
134.20000000000002,134.75,0.0040996283592515574,1.8251693227903038e-06
134.75,135.3,0.004090026766103836,1.8207920295439317e-06
135.3,135.85000000000002,0.004083625405025987,1.8158751322920939e-06
135.85000000000002,136.4,0.004077445009955274,1.8161463172882814e-06
136.4,136.95000000000002,0.0040684187770650545,1.8125281602288487e-06
136.95000000000002,137.5,0.004060833617638587,1.807844383746129e-06
137.5,138.05,0.004053718638015551,1.806003722449403e-06
138.05,138.60000000000002,0.004048749557598524,1.8056537218104283e-06
138.60000000000002,139.15,0.004042214911250104,1.804294123958447e-06
139.15,139.70000000000002,0.004030661967080223,1.798397106037313e-06
139.70000000000002,140.25,0.0040317113148581355,1.8031178669325184e-06
140.25,140.8,0.004024590069492397,1.7996174278234351e-06
140.8,141.35000000000002,0.004015721180413468,1.79796794812002e-06
141.35000000000002,141.9,0.00400778421359551,1.794202623670467e-06
141.9,142.45000000000002,0.004002522279939862,1.7941684301285622e-06
142.45000000000002,143.0,0.003996192963103726,1.791955367605913e-06
143.0,143.55,0.003985961635599171,1.786836251252714e-06
143.55,144.10000000000002,0.003979818903644742,1.7860593202920726e-06
144.10000000000002,144.65,0.003977065190362654,1.7867232799052415e-06
144.65,145.20000000000002,0.003968823982876841,1.7825185153127926e-06
145.20000000000002,145.75,0.0039584481553558565,1.7775796081868723e-06
145.75,146.3,0.0039516555179108645,1.7753082033549078e-06
146.3,146.85000000000002,0.003946512461322809,1.7782402509164173e-06
146.85000000000002,147.4,0.0039427732874486796,1.7772848486854496e-06
147.4,147.95000000000002,0.003931985500169642,1.7705781685580692e-06
147.95000000000002,148.5,0.003921457107780255,1.7647915246456352e-06
148.5,149.05,0.00391385026176916,1.7651312510140635e-06
149.05,149.60000000000002,0.003910265539493485,1.7641464210013605e-06
149.60000000000002,150.15,0.0039012765441436936,1.7600764428169976e-06
150.15,150.70000000000002,0.0038961840421783333,1.761485152716628e-06
150.70000000000002,151.25,0.0038891512703753657,1.75969396709754e-06
151.25,151.8,0.003878090808352698,1.753534981137547e-06
151.8,152.35000000000002,0.003872444727450268,1.752916667786403e-06
152.35000000000002,152.9,0.003866176771536527,1.751362800333312e-06
152.9,153.45000000000002,0.0038550726155542584,1.745165912630058e-06
153.45000000000002,154.0,0.0038493960590011912,1.7458056526046871e-06
154.0,154.55,0.0038400381818771683,1.7411496144665059e-06
154.55,155.10000000000002,0.003831624240949251,1.7380945688725286e-06
155.10000000000002,155.65,0.003826238754273005,1.7377531598046025e-06
155.65,156.20000000000002,0.0038158846873837518,1.733360713556597e-06
156.20000000000002,156.75,0.003812948771208556,1.7353302209067082e-06
156.75,157.3,0.0038022670145907984,1.7307639762250808e-06
157.3,157.85000000000002,0.003796896769131899,1.7295251231767212e-06
157.85000000000002,158.4,0.003787772830131169,1.7280392382731262e-06
158.4,158.95000000000002,0.0037837534693541254,1.7280394662504003e-06
158.95000000000002,159.5,0.0037719082257356524,1.7206882392915391e-06
159.5,160.05,0.0037628986771363567,1.7186552249689023e-06
160.05,160.60000000000002,0.003754457466074018,1.7166141319306007e-06
160.60000000000002,161.15,0.003747456891136904,1.7136647821918309e-06
161.15,161.70000000000002,0.003740388693142497,1.710904244578682e-06
161.70000000000002,162.25,0.0037302886758565643,1.70765223243552e-06
162.25,162.8,0.003724985948775445,1.7085628729735056e-06
162.8,163.35000000000002,0.0037168587233116866,1.7062136748331472e-06
163.35000000000002,163.9,0.0037110834564375674,1.7050345896313815e-06
163.9,164.45000000000002,0.0036966386975199462,1.6978175780444185e-06
164.45000000000002,165.0,0.0036889841939641097,1.6963780283040498e-06
165.0,165.55,0.0036809618319600997,1.6919029627644722e-06
165.55,166.10000000000002,0.0036731807833597385,1.6915827831358716e-06
166.10000000000002,166.65,0.003668981773594298,1.6930778067280222e-06
166.65,167.20000000000002,0.003658217963732059,1.6876374641420558e-06
167.20000000000002,167.75,0.003649380437167993,1.6850709559251245e-06
167.75,168.3,0.003641148087584715,1.6822177656909493e-06
168.3,168.85000000000002,0.003633717541404079,1.6802820210252576e-06
168.85000000000002,169.4,0.0036226049064187354,1.6756097365481538e-06
169.4,169.95000000000002,0.003615456544914117,1.675239950354622e-06
169.95000000000002,170.5,0.0036107327259361443,1.6756364093540366e-06
170.5,171.05,0.0035954286930231527,1.6656887648447804e-06
171.05,171.60000000000002,0.0035903788674569396,1.6677509924941953e-06
171.60000000000002,172.15,0.0035820064294821517,1.6644513460003143e-06
172.15,172.70000000000002,0.0035714465508479383,1.6615861209791156e-06
172.70000000000002,173.25,0.003564310209719091,1.6609986219493211e-06
173.25,173.8,0.003555188642443603,1.657448273746519e-06
173.8,174.35000000000002,0.0035444814393931303,1.652916790125677e-06
174.35000000000002,174.9,0.0035334717766211973,1.648048058503541e-06
174.9,175.45000000000002,0.0035255209701116393,1.6436576791989767e-06
175.45000000000002,176.0,0.0035192958178819757,1.6474147876176387e-06
176.0,176.55,0.003505749802776701,1.638383397557401e-06
176.55,177.10000000000002,0.003498521717759971,1.639254834246967e-06
177.10000000000002,177.65,0.0034894698208265155,1.6365560854165555e-06
177.65,178.20000000000002,0.0034809430153832487,1.6323112633570874e-06
178.20000000000002,178.75000000000003,0.003470573866044765,1.6316227817094934e-06
178.75000000000003,179.3,0.0034647709849183177,1.6320056540259516e-06
179.3,179.85000000000002,0.00345307109466774,1.626297163082499e-06
179.85000000000002,180.4,0.0034437834744910517,1.623339527380066e-06
180.4,180.95,0.00343340332615214,1.6185678148713421e-06
180.95,181.50000000000003,0.0034228683980909755,1.6162025306575419e-06
181.50000000000003,182.05,0.0034144167705627447,1.6140117251221366e-06
182.05,182.6,0.0034042436651723585,1.6099121824398972e-06
182.6,183.15,0.0033945524618879336,1.6085467042598013e-06
183.15,183.7,0.003382834495861427,1.6035478444016616e-06
183.7,184.25000000000003,0.003373170459958506,1.600489999784055e-06
184.25000000000003,184.8,0.003364797582810577,1.598421772974568e-06
184.8,185.35,0.0033554036336119926,1.5957801148302129e-06
185.35,185.9,0.0033451750066043214,1.5927827517188386e-06
185.9,186.45,0.003334747882756392,1.589377950625675e-06
186.45,187.00000000000003,0.003324463374223583,1.5845939451041677e-06
187.00000000000003,187.55,0.0033157454900960433,1.5857327308690478e-06
187.55,188.1,0.003303595616805326,1.5806283882656272e-06
188.1,188.65,0.003293633929150256,1.5779519943414958e-06
188.65,189.2,0.0032809951262517726,1.5708360832481334e-06
189.2,189.75000000000003,0.003272043664903629,1.5682223894617847e-06
189.75000000000003,190.3,0.003262843403245043,1.568989771758575e-06
190.3,190.85,0.003251238970145382,1.5639024506465533e-06
190.85,191.4,0.0032428536140347852,1.5629000712333909e-06
191.4,191.95,0.0032323441925012453,1.560523823344873e-06
191.95,192.50000000000003,0.0032180324424368884,1.5538722480337718e-06
192.50000000000003,193.05,0.0032099743675318205,1.5526296474195892e-06
193.05,193.6,0.003198337509321621,1.547941835514068e-06
193.6,194.15,0.003184388974016062,1.5433520755616756e-06
194.15,194.7,0.0031756564485156684,1.5421673123781177e-06
194.7,195.25000000000003,0.003167209990841237,1.5415058532988825e-06
195.25000000000003,195.8,0.0031533691333426725,1.5349793801321364e-06
195.8,196.35,0.0031412262969184373,1.5312169642647884e-06
196.35,196.9,0.0031310860633575258,1.5290668975325974e-06
196.9,197.45,0.0031184801383977957,1.5228158050672473e-06
197.45,198.00000000000003,0.003108740563834101,1.5209015434426201e-06
198.00000000000003,198.55,0.0030995479202449916,1.5211524997209003e-06
198.55,199.1,0.0030847987663896116,1.5142697088082143e-06
199.1,199.65,0.0030746665802113284,1.5128387917696717e-06
199.65,200.2,0.003061718215331898,1.5068083810374405e-06
200.2,200.75000000000003,0.0030548123574853873,1.5092039740731033e-06
200.75000000000003,201.3,0.003041756015335819,1.5038515779313486e-06
201.3,201.85,0.003024222557437705,1.4962355193114277e-06
201.85,202.4,0.0030149284680480726,1.4946376552765437e-06
202.4,202.95,0.0030016280314670626,1.4894337591928385e-06
202.95,203.50000000000003,0.002989492130504897,1.4853950751530752e-06
203.50000000000003,204.05,0.0029783046597054875,1.4821099975360038e-06
204.05,204.6,0.0029675011886046805,1.4805897068265316e-06
204.6,205.15,0.002953779722313899,1.4735953878206922e-06
205.15,205.7,0.0029434794678789887,1.4737827004536136e-06
205.7,206.25000000000003,0.0029284353383269937,1.4677967413653377e-06
206.25000000000003,206.8,0.002917982046032475,1.4671292555061772e-06
206.8,207.35,0.0029035554532968575,1.4616186940160993e-06
207.35,207.9,0.0028948864447855133,1.4605007949196999e-06
207.9,208.45,0.002880217340531458,1.4548308791247067e-06
208.45,209.00000000000003,0.002866992111342888,1.450844678534664e-06
209.00000000000003,209.55,0.002852406628111168,1.444016139152949e-06
209.55,210.1,0.0028418934842794285,1.44378931935077e-06
210.1,210.65,0.0028275952688464326,1.4372551543498178e-06
210.65,211.2,0.0028155439805367484,1.435114368900043e-06
211.2,211.75000000000003,0.002802913790775401,1.433902760899912e-06
211.75000000000003,212.3,0.0027863886218367565,1.424172895772459e-06
212.3,212.85,0.0027738865911178345,1.4220693942556367e-06
212.85,213.4,0.0027608681856107994,1.4177020746267816e-06
213.4,213.95,0.0027505593859802344,1.4164486486940819e-06
213.95,214.50000000000003,0.0027344464815943,1.409457296861547e-06
214.50000000000003,215.05,0.002720972633599787,1.405763028235052e-06
215.05,215.6,0.0027078141347965552,1.4010969495724173e-06
215.6,216.15,0.002692633474155251,1.3966643772477262e-06
216.15,216.7,0.0026789756995425408,1.3923381886834343e-06
216.7,217.25000000000003,0.002663577105231343,1.3863589095390908e-06
217.25000000000003,217.8,0.0026485367478030746,1.3799161246690552e-06
217.8,218.35,0.002633954127682243,1.3782342957879746e-06
218.35,218.9,0.002621919563553224,1.3740907129507389e-06
218.9,219.45,0.0026091518479118194,1.3724609748466017e-06
219.45,220.00000000000003,0.002592666722747057,1.367452957341471e-06
220.00000000000003,220.55,0.002578736785083287,1.3601591576834218e-06
220.55,221.1,0.0025645927298708223,1.3570766072811699e-06
221.1,221.65,0.002549511667945659,1.3536623331464102e-06
221.65,222.2,0.002534068787677969,1.3480933703630673e-06
222.2,222.75000000000003,0.0025201423812694144,1.342593375631512e-06
222.75000000000003,223.3,0.0025055181998024927,1.339930317731117e-06
223.3,223.85,0.0024912265298941607,1.3358719055865695e-06
223.85,224.4,0.002475130003056864,1.3299790555856434e-06
224.4,224.95,0.002459505504993374,1.3241990332099938e-06
224.95,225.50000000000003,0.0024449942557111604,1.3192260087044342e-06
225.50000000000003,226.05,0.0024295116111360134,1.3164007225622656e-06
226.05,226.6,0.002413674827701002,1.3109129169940292e-06
226.6,227.15,0.002400285876957145,1.3081834849838902e-06
227.15,227.7,0.0023841239069998265,1.3019585703183902e-06
227.7,228.25000000000003,0.0023686740093429312,1.296795926503156e-06
228.25000000000003,228.8,0.0023520566728100155,1.2911274607920007e-06
228.8,229.35,0.002339100515970225,1.28907851694895e-06
229.35,229.9,0.002323989527402535,1.285234569532668e-06
229.9,230.45,0.0023070788061488523,1.2779689796493544e-06
230.45,231.00000000000003,0.0022903465900914644,1.2721546046002625e-06
231.00000000000003,231.55,0.00227399706606164,1.267337448653941e-06
231.55,232.1,0.0022604672882025993,1.265529470597567e-06
232.1,232.65,0.002243068070804242,1.2587553870080982e-06
232.65,233.2,0.002226836271718584,1.2545577903838779e-06
233.2,233.75000000000003,0.0022067745540014557,1.2445926914971778e-06
233.75000000000003,234.3,0.002193414126418414,1.2425463925393206e-06
234.3,234.85,0.0021786900517666388,1.2379152202539049e-06
234.85,235.4,0.0021598933210307683,1.230416510485323e-06
235.4,235.95,0.0021446317711595483,1.226063343503364e-06
235.95,236.50000000000003,0.0021297208713818433,1.2222721055492103e-06
236.50000000000003,237.05,0.002114705957583534,1.2186632660388051e-06
237.05,237.6,0.002095624019613545,1.210285411356574e-06
237.6,238.15,0.0020788367959060374,1.2048361804572157e-06
238.15,238.7,0.0020639361421428675,1.201461876791024e-06
238.7,239.25000000000003,0.0020453418894660186,1.1944280557764679e-06
239.25000000000003,239.8,0.002026488068748392,1.185157762828144e-06
239.8,240.35,0.0020121550353517383,1.1848644514691025e-06
240.35,240.9,0.0019936005554600303,1.1755187584409244e-06
240.9,241.45,0.001978844177233444,1.1744027858703384e-06
241.45,242.00000000000003,0.0019614011317823895,1.1679707592058243e-06
242.00000000000003,242.55,0.0019455000466827208,1.1634683070059168e-06
242.55,243.1,0.001926337931646362,1.1526384132778936e-06
243.1,243.65,0.0019074900576265593,1.147354909322599e-06
243.65,244.2,0.0018908935948075245,1.143005794188752e-06
244.2,244.75000000000003,0.001875975380964994,1.139919096304198e-06
244.75000000000003,245.3,0.00185645869042706,1.1289505015489733e-06
245.3,245.85,0.0018393722901030604,1.1256173213100377e-06
245.85,246.40000000000003,0.0018234534596539907,1.1215040292279549e-06
246.40000000000003,246.95,0.0018035767629643422,1.1128081241223626e-06
246.95,247.50000000000003,0.0017848157002710453,1.1055545412974579e-06
247.50000000000003,248.05,0.0017651759319467736,1.0979548367604816e-06
248.05,248.6,0.0017498383450315215,1.0941859462209175e-06
248.6,249.15000000000003,0.001731478929476762,1.0872129081344506e-06
249.15000000000003,249.7,0.0017149675403014205,1.0822893212410742e-06
249.7,250.25000000000003,0.0016954103466866616,1.0742905014942035e-06
250.25000000000003,250.8,0.0016767369409251623,1.0666742993785487e-06
250.8,251.35,0.0016593996063740141,1.0613893271113067e-06
251.35,251.90000000000003,0.0016402588244688809,1.0536030476686687e-06
251.90000000000003,252.45,0.0016230838518697225,1.049366322358124e-06
252.45,253.00000000000003,0.0016028336725723675,1.0407634028372953e-06
253.00000000000003,253.55,0.0015846642191050836,1.0350848566117894e-06
253.55,254.1,0.0015649142534079083,1.0270180931064544e-06
254.1,254.65000000000003,0.0015485687264440164,1.0226260251435274e-06
254.65000000000003,255.2,0.0015297774706683673,1.0169793620005182e-06
255.2,255.75000000000003,0.0015088756523045671,1.0082606097052626e-06
255.75000000000003,256.3,0.001491695708258115,1.0016889191200949e-06
256.3,256.85,0.0014705140730548424,9.93004603524928e-07
256.85,257.40000000000003,0.0014532645721693064,9.867069520162438e-07
257.40000000000003,257.95000000000005,0.0014347023216806523,9.812396011737303e-07
257.95000000000005,258.5,0.0014154671003788622,9.73985057236954e-07
258.5,259.05,0.0013950177063078387,9.651284075510713e-07
259.05,259.6,0.0013755931803073752,9.565435973581894e-07
259.6,260.15000000000003,0.0013579499611633596,9.53522220160105e-07
260.15000000000003,260.70000000000005,0.0013367852137323145,9.427495436489112e-07
260.70000000000005,261.25,0.0013179405117256977,9.350993062834023e-07
261.25,261.8,0.0012992906674425967,9.297601622193634e-07
261.8,262.35,0.0012809903727350927,9.23291264551489e-07
262.35,262.90000000000003,0.0012605643879145365,9.124764761493044e-07
262.90000000000003,263.45000000000005,0.0012412967572390957,9.043181892626096e-07
263.45000000000005,264.0,0.0012244900867467298,9.001674726795531e-07
264.0,264.55,0.0012052792425912618,8.92225446655302e-07
264.55,265.1,0.001185163557569035,8.795643541846706e-07
265.1,265.65000000000003,0.0011712740175932824,8.785776707385203e-07
265.65000000000003,266.20000000000005,0.0011519327220482233,8.695692722864822e-07
266.20000000000005,266.75,0.0011343332835850887,8.63549967890348e-07
266.75,267.3,0.0011188433065779184,8.582973145159681e-07
267.3,267.85,0.0010994082659698267,8.481615565726443e-07
267.85,268.40000000000003,0.001082453961732413,8.412765810034388e-07
268.40000000000003,268.95000000000005,0.0010652160891984357,8.346984943210001e-07
268.95000000000005,269.5,0.0010485056467220938,8.284709662047709e-07
269.5,270.05,0.0010319481853124342,8.205401198472537e-07
270.05,270.6,0.0010137875118319502,8.12512848382442e-07
270.6,271.15000000000003,0.0009975484738687197,8.05967812801835e-07
271.15000000000003,271.70000000000005,0.0009828727949429115,8.001665919686778e-07
271.70000000000005,272.25,0.0009653276376229361,7.927830099728961e-07
272.25,272.8,0.0009481157676291334,7.835102245874326e-07
272.8,273.35,0.0009337314857030448,7.803879808164451e-07
273.35,273.90000000000003,0.0009171150987529594,7.734140280530087e-07
273.90000000000003,274.45000000000005,0.0009006125347255659,7.657840016879478e-07
274.45000000000005,275.0,0.0008845499303233292,7.578584214347992e-07
275.0,275.55,0.0008689123875302466,7.513680413240269e-07
275.55,276.1,0.0008550636104454217,7.488295487538578e-07
276.1,276.65000000000003,0.0008387771327754948,7.399435167370215e-07
276.65000000000003,277.20000000000005,0.0008224275267221124,7.317362556818377e-07
277.20000000000005,277.75,0.0008066817319081613,7.240473820221732e-07
277.75,278.3,0.0007926013990575947,7.197795377697619e-07
278.3,278.85,0.0007772154641177184,7.118445234415311e-07
278.85,279.40000000000003,0.0007616242527405409,7.043905626578699e-07
279.40000000000003,279.95000000000005,0.0007474575789600412,6.993233710612326e-07
279.95000000000005,280.5,0.0007321143477247187,6.915416681101798e-07
280.5,281.05,0.0007175044601407168,6.842356220365875e-07
281.05,281.6,0.0007027033532494566,6.754899336287146e-07
281.6,282.15000000000003,0.000688545749908839,6.703126677405518e-07
282.15000000000003,282.70000000000005,0.0006733687966682504,6.626089281420239e-07
282.70000000000005,283.25,0.0006607944519209644,6.582646886412657e-07
283.25,283.8,0.0006453610870285324,6.49653950443249e-07
283.8,284.35,0.0006318099866328017,6.441296419844781e-07
284.35,284.90000000000003,0.0006180794960919087,6.365947282988775e-07
284.90000000000003,285.45000000000005,0.0006046032491793203,6.30269691050036e-07
285.45000000000005,286.0,0.000590330230006394,6.220629537018582e-07
286.0,286.55,0.0005784860850839547,6.192683817730677e-07
286.55,287.1,0.0005635350841830599,6.095036899731904e-07
287.1,287.65000000000003,0.0005498783575904882,6.018221790563356e-07
287.65000000000003,288.20000000000005,0.0005366491681167314,5.970239837248745e-07
288.20000000000005,288.75,0.0005224784333399044,5.866287889182207e-07
288.75,289.3,0.000508460771799844,5.784425399232316e-07
289.3,289.85,0.0004970178371736714,5.729186678397657e-07
289.85,290.40000000000003,0.0004832423735101302,5.656678112441813e-07
290.40000000000003,290.95000000000005,0.0004693397838756477,5.571663281656869e-07
290.95000000000005,291.5,0.00045721811591845773,5.509967005664248e-07
291.5,292.05,0.00044408538746105005,5.444891327261515e-07
292.05,292.6,0.00043124743133801224,5.376083540450654e-07
292.6,293.15000000000003,0.0004188156124069194,5.291160488501483e-07
293.15000000000003,293.70000000000005,0.00040524134232596443,5.197444560392205e-07
293.70000000000005,294.25,0.00039340587089911996,5.141792126253542e-07
294.25,294.8,0.00038131630489874235,5.068551790913393e-07
294.8,295.35,0.0003701521448992316,5.017638934967983e-07
295.35,295.90000000000003,0.0003567456052989122,4.912325698278898e-07
295.90000000000003,296.45000000000005,0.00034477824299233774,4.858194191196836e-07
296.45000000000005,297.0,0.0003323899670375193,4.766955711750677e-07
297.0,297.55,0.00031993914013811025,4.6578003683695845e-07
297.55,298.1,0.00030924109356148227,4.611776999729594e-07
298.1,298.65000000000003,0.00029708324400817105,4.5174501106191955e-07
298.65000000000003,299.20000000000005,0.00028568674005450786,4.4343026487245076e-07
299.20000000000005,299.75,0.00027386065422195684,4.343074322361445e-07
299.75,300.3,0.0002631065316545135,4.283487474360264e-07
300.3,300.85,0.0002509875433476458,4.1595466257059447e-07
300.85,301.40000000000003,0.00024030231433631015,4.081665087675929e-07
301.40000000000003,301.95000000000005,0.000229490905431222,3.9941781956865466e-07
301.95000000000005,302.5,0.00021854168896084984,3.9128345893989734e-07
302.5,303.05,0.00020856247810130364,3.838762775338101e-07
303.05,303.6,0.00019725953898176507,3.733542827026029e-07
303.6,304.15000000000003,0.00018744446067036626,3.655891759786796e-07
304.15000000000003,304.70000000000005,0.00017746071185556681,3.5764763175647545e-07
304.70000000000005,305.25,0.00016674715793556623,3.469988270501995e-07
305.25,305.8,0.00015644633836923538,3.3256523634718774e-07
305.8,306.35,0.0001472011664747121,3.2701531841428396e-07
306.35,306.90000000000003,0.00013793434118601608,3.163996295958477e-07
306.90000000000003,307.45000000000005,0.00012846410922996078,3.0774918879114837e-07
307.45000000000005,308.0,0.00011900504390930958,2.9465970344657335e-07
308.0,308.55,0.0001103821489029693,2.828666097735952e-07
308.55,309.1,0.0001016642378694702,2.7572768155626046e-07
309.1,309.65000000000003,9.323559959554578e-05,2.668690300128897e-07
309.65000000000003,310.20000000000005,8.462023515229111e-05,2.521375972418875e-07
310.20000000000005,310.75,7.719745492456747e-05,2.424837700458957e-07
310.75,311.3,6.936216168666982e-05,2.3117697522041017e-07
311.3,311.85,6.220535007763903e-05,2.2004316007811976e-07
311.85,312.40000000000003,5.4283592372472074e-05,2.0294785556036436e-07
312.40000000000003,312.95000000000005,4.850609430806147e-05,1.949879645738249e-07
312.95000000000005,313.5,4.18497170879992e-05,1.8392680060625027e-07
313.5,314.05,3.587350693728219e-05,1.6748992492357862e-07
314.05,314.6,3.0357231756239075e-05,1.5729721282243562e-07
314.6,315.15000000000003,2.486559392083328e-05,1.4327457371977292e-07
315.15000000000003,315.70000000000005,2.0031988652979692e-05,1.282202002817832e-07
315.70000000000005,316.25,1.552246075304445e-05,1.1384131679747109e-07
316.25,316.8,1.1630679124533238e-05,9.898007550680215e-08
316.8,317.35,8.218964130617861e-06,8.458033497101973e-08
317.35,317.90000000000003,5.158499746927027e-06,6.638053772931725e-08
317.90000000000003,318.45000000000005,2.8337815991937e-06,4.879037508477236e-08
318.45000000000005,319.0,1.2347652767067275e-06,3.2760924159105604e-08
319.0,319.55,2.5298106594682765e-07,1.3105584295453815e-08
319.55,320.1,8.571471742701804e-09,2.5657187483884223e-09
320.1,320.65000000000003,0.0,0.0
320.65000000000003,321.20000000000005,0.0,0.0
321.20000000000005,321.75,0.0,0.0
321.75,322.3,0.0,0.0
322.3,322.85,0.0,0.0
322.85,323.40000000000003,0.0,0.0
323.40000000000003,323.95000000000005,0.0,0.0
323.95000000000005,324.5,0.0,0.0
324.5,325.05,0.0,0.0
325.05,325.6,0.0,0.0
325.6,326.15000000000003,0.0,0.0
326.15000000000003,326.70000000000005,0.0,0.0
326.70000000000005,327.25,0.0,0.0
327.25,327.8,0.0,0.0
327.8,328.35,0.0,0.0
328.35,328.90000000000003,0.0,0.0
328.90000000000003,329.45000000000005,0.0,0.0
329.45000000000005,330.0,0.0,0.0
